{
  "_format": "hh-sol-cache-2",
  "files": {
    "/home/ganeshkharad/GBK/KYC-Submission/Phase-3/kyc-bank/contracts/KYC.sol": {
      "lastModificationDate": 1678870147533,
      "contentHash": "967f6c2ef2c1a046f004240d575ddeec",
      "sourceName": "contracts/KYC.sol",
      "solcConfig": {
        "version": "0.8.18",
        "settings": {
          "optimizer": {
            "enabled": false,
            "runs": 200
          },
          "outputSelection": {
            "*": {
              "*": [
                "abi",
                "evm.bytecode",
                "evm.deployedBytecode",
                "evm.methodIdentifiers",
                "metadata"
              ],
              "": [
                "ast"
              ]
            }
          }
        }
      },
      "imports": [],
      "versionPragmas": [
        "^0.8.17"
      ],
      "artifacts": [
        "KYC"
      ]
    },
    "/home/ganeshkharad/GBK/KYC-Submission (copy)/Phase-3/kyc-bank/contracts/KYC.sol": {
      "lastModificationDate": 1678896740046,
      "contentHash": "0ccd892c0b97944be8e3a3ffbe5245bb",
      "sourceName": "contracts/KYC.sol",
      "solcConfig": {
        "version": "0.8.18",
        "settings": {
          "optimizer": {
            "enabled": false,
            "runs": 200
          },
          "outputSelection": {
            "*": {
              "*": [
                "abi",
                "evm.bytecode",
                "evm.deployedBytecode",
                "evm.methodIdentifiers",
                "metadata"
              ],
              "": [
                "ast"
              ]
            }
          }
        }
      },
      "imports": [],
      "versionPragmas": [
        "^0.8.17"
      ],
      "artifacts": [
        "KYC"
      ]
    }
  }
}
